K_per_class,support_total,dataset,AUC,accuracy,sensitivity,specificity,F1,balanced_accuracy
5,10,shenzhen,0.7152779738543638,0.6595092024539877,0.6646525679758308,0.6542056074766355,0.6646525679758308,0.6594290877262332
5,10,montgomery,0.6365301724137932,0.6086956521739131,0.603448275862069,0.6125,0.5645161290322581,0.6079741379310345
10,20,shenzhen,0.7928428593616526,0.7165109034267912,0.8558282208588958,0.5727848101265823,0.754054054054054,0.714306515492739
10,20,montgomery,0.5549568965517242,0.5507246376811594,0.4827586206896552,0.6,0.4745762711864407,0.5413793103448276
15,30,shenzhen,0.7470274764351754,0.6993670886075949,0.8130841121495327,0.5819935691318328,0.7331460674157303,0.6975388406406827
15,30,montgomery,0.5878232758620688,0.5652173913043478,0.39655172413793105,0.6875,0.4339622641509434,0.5420258620689655
20,40,shenzhen,0.8126396128071481,0.77491961414791,0.7848101265822784,0.7647058823529411,0.779874213836478,0.7747580044676098
20,40,montgomery,0.5129310344827587,0.4782608695652174,0.603448275862069,0.3875,0.49295774647887325,0.49547413793103445
30,60,shenzhen,0.8058757286698464,0.6976744186046512,0.7908496732026143,0.6013513513513513,0.7267267267267268,0.6961005122769828
30,60,montgomery,0.4967672413793104,0.4782608695652174,0.3448275862068966,0.575,0.35714285714285715,0.45991379310344827
50,100,shenzhen,0.8015607580824973,0.7455516014234875,0.7167832167832168,0.7753623188405797,0.7414104882459313,0.7460727678118982
50,100,montgomery,0.5510775862068966,0.5,0.9137931034482759,0.2,0.6057142857142858,0.556896551724138
